time_stamps,time_stamps,cumulative_heading_changes,avg_distance_to_closest_person,intimate_space_intrusions,personal_space_intrusions,social_space_intrusions,robot_on_person_collision,person_on_robot_collision,time_not_moving,avg_robot_linear_speed,avg_robot_angular_speed,avg_acceleration,avg_overacceleration,avg_pedestrian_velocity,avg_closest_pedestrian_velocity,social_force_on_agents,social_force_on_robot,social_work,obstacle_force_on_robot,obstacle_force_on_agents
0,0.0,0.0,2.250404899412879,0,0,1,0,0,0,0.03670348972082138,-0.00033143089967779815,0.0,0.0,0.04001133516430855,0.04001133516430855,0.00026691603,0.00026691603,0.00053383206,0.0,3.6605816e-05
1,0.1,7.675582310184836e-06,2.2731839758884065,0,0,1,0,0,0,0.03639337792992592,-0.00032777528394944966,-0.0031011179089546204,-0.031011179089546204,0.3617890775203705,0.3617890775203705,8.186962e-14,8.186962e-14,1.6373923e-13,0.0,3.547091e-05
2,0.2,1.1407682904973626e-05,2.3185881583655332,0,0,1,0,0,0,0.07680699974298477,6.318563100649044e-05,0.40413621813058853,4.041362181305885,0.5757097005844116,0.5757097005844116,0.0,0.0,0.0,0.0,3.3727567e-05
3,0.3,1.4563003787770867e-05,2.3712446854997564,0,0,1,0,0,0,0.17360429465770721,0.00016629885067231953,0.9679729491472244,9.679729491472244,0.7179283499717712,0.7179283499717712,0.0,0.0,0.0,0.0,3.2282853e-05
4,0.4,1.9158556824550033e-05,2.425346759979578,0,0,1,0,0,0,0.2742493152618408,0.000274248217465356,1.006450206041336,10.06450206041336,0.8124776482582092,0.8124776482582092,0.0,0.0,0.0,0.0,3.113349e-05
5,0.5,0.001454880548408255,2.4772895577164116,0,0,1,0,0,0,0.36579805612564087,0.08475999534130096,0.9154874086380005,9.154874086380005,0.8753352165222168,0.8753352165222168,0.0,0.0,0.0,0.0,3.0260624e-05
6,0.6,0.011212974088266492,2.530116134648174,0,0,1,0,0,0,0.3745020031929016,0.1168430745601654,0.08703947067260742,0.8703947067260742,0.9171236157417297,0.9171236157417297,0.0,0.0,0.0,0.0,2.9503319e-05
7,0.7,0.011678580194711685,2.5854951150637953,0,0,1,0,0,0,0.4075700342655182,0.11576391756534576,0.33068031072616577,3.3068031072616577,0.9449048638343811,0.9449048638343811,0.0,0.0,0.0,0.0,2.8837994e-05
8,0.8,0.011593570932745934,2.635100957810081,0,0,1,0,0,0,0.5091481804847717,0.11606317013502121,1.0157814621925354,10.157814621925354,0.9633738994598389,0.9633738994598389,0.0,0.0,0.0,0.0,2.8233508e-05
9,0.9,0.011602021753787994,2.6762348444006983,0,0,1,0,0,0,0.6109538674354553,0.11602312326431274,1.018056869506836,10.18056869506836,0.9756521582603455,0.9756521582603455,1.3923931e-15,1.3923931e-15,2.7847862e-15,0.0,2.7659602e-05
10,1.0,0.011603452265262604,2.708414275027808,0,0,1,0,0,0,0.7128730416297913,0.11597700417041779,1.0191917419433594,10.191917419433594,0.9838147759437561,0.9838147759437561,1.7349788e-09,1.7349788e-09,3.4699577e-09,0.0,2.7102265e-05
11,1.1,0.011603817343711853,2.7313190109657133,0,0,1,0,0,0,0.814829409122467,0.11560196429491043,1.0195636749267578,10.195636749267578,0.989241361618042,0.989241361618042,8.0529173e-07,8.0529173e-07,1.6105835e-06,0.0,2.6556087e-05
12,1.2,0.01177157461643219,2.744830680837845,0,0,1,0,0,0,0.9117385149002075,0.1455537974834442,0.9690910577774048,9.690910577774048,0.9928500652313232,0.9928500652313232,2.167197e-05,2.167197e-05,4.334394e-05,0.0,2.6013337e-05
13,1.3,0.019972681999206543,2.7512941306250527,0,0,1,0,0,0,0.9624501466751099,0.07688643038272858,0.5071163177490234,5.071163177490234,0.9952549338340759,0.9952549338340759,7.26538e-05,7.26538e-05,0.0001453076,0.0,2.5476507e-05
14,1.4,0.0062495991587638855,2.7536856385804978,0,0,1,0,0,0,0.9852778911590576,-0.10516411066055298,0.22827744483947754,2.2827744483947754,0.9968640208244324,0.9968640208244324,0.00011163456,0.00011163456,0.00022326912,0.0,2.494019e-05
15,1.5,0.01077752560377121,2.755509868492572,0,0,1,0,0,0,0.9863870143890381,-0.10864419490098953,0.011091232299804688,0.11091232299804688,0.9979347586631775,0.9979347586631775,0.000108939275,0.00010893933,0.00021787861,0.0,2.4403582e-05
16,1.6,0.010858103632926941,2.7572986896281475,0,0,1,0,0,0,0.9489185214042664,-0.10027290880680084,-0.3746849298477173,-3.746849298477173,0.9986461400985718,0.9986461400985718,4.5180197e-05,4.5180197e-05,9.0360394e-05,0.0,2.386864e-05
17,1.7,0.007124871015548706,2.7663352945015065,0,0,1,0,0,0,0.853836178779602,-0.07128632813692093,-0.9508234262466431,-9.50823426246643,0.9991051554679871,0.9991051554679871,2.2305937e-06,2.2305937e-06,4.4611875e-06,0.0,2.3329421e-05
18,1.8,0.007184021174907684,2.7853705297238696,0,0,1,0,0,0,0.7791743278503418,-0.07243774086236954,-0.7466185092926025,-7.466185092926025,0.9994065761566162,0.9994065761566162,4.479807e-08,4.479807e-08,8.959614e-08,0.0,2.2784796e-05
19,1.9,0.0009104572236537933,2.8114295267376175,0,0,1,0,0,0,0.7583364248275757,0.025929579511284828,-0.20837903022766113,-2.0837903022766113,0.999606728553772,0.999606728553772,9.406407e-09,9.406407e-09,1.8812814e-08,0.0,2.224024e-05
20,2.0,0.002742048352956772,2.829518067825332,0,0,1,0,0,0,0.860521137714386,0.026928603649139404,1.021847128868103,10.21847128868103,0.9997398257255554,0.9997398257255554,2.1395306e-06,2.1395306e-06,4.279061e-06,0.0,2.1699761e-05
21,2.1,0.00546516478061676,2.83811640447754,0,0,1,0,0,0,0.9455865025520325,0.16932617127895355,0.8506536483764648,8.506536483764648,0.9998307824134827,0.9998307824134827,3.0471636e-05,3.0471636e-05,6.0943272e-05,0.0,2.1164677e-05
22,2.2,0.014536745846271515,2.843841009862723,0,0,1,0,0,0,0.9502397179603577,0.14181455969810486,0.04653215408325195,0.46532154083251953,0.9998937845230103,0.9998937845230103,3.3976994e-05,3.397701e-05,6.7954e-05,0.0,2.0631438e-05
23,2.3,0.0032188966870307922,2.8495015239090664,0,0,1,0,0,0,0.9567065834999084,-0.342957079410553,0.06466865539550781,0.6466865539550781,0.9999359250068665,0.9999359250068665,3.876021e-05,3.876021e-05,7.752042e-05,0.0,2.0098589e-05
24,2.4,0.046936362981796265,2.8524620055915135,0,0,1,0,0,0,0.9827225804328918,-0.5196351408958435,0.260159969329834,2.60159969329834,0.9999675154685974,0.9999675154685974,6.803394e-05,6.803394e-05,0.00013606789,0.0,1.9566263e-05
25,2.5,0.050923651084303856,2.854654898360886,0,0,1,0,0,0,0.9628598690032959,-0.37933996319770813,-0.19862711429595947,-1.9862711429595947,0.9999887347221375,0.9999887347221375,4.3172047e-05,4.3172047e-05,8.6344095e-05,0.0,1.9033727e-05
26,2.6,0.03850862942636013,2.8588904106366013,0,0,1,0,0,0,0.9524464011192322,-0.36527466773986816,-0.10413467884063721,-1.041346788406372,0.9999994039535522,0.9999994039535522,3.4629982e-05,3.4629982e-05,6.9259964e-05,0.0,1.8500901e-05
27,2.7,0.035735826939344406,2.8633139770305824,0,0,1,0,0,0,0.9587581753730774,-0.3566664755344391,0.06311774253845215,0.6311774253845215,1.0,1.0,4.24812e-05,4.24812e-05,8.49624e-05,0.0,1.7968605e-05
28,2.8,0.035648226737976074,2.8680468175202556,0,0,1,0,0,0,0.9194262623786926,-0.3675147593021393,-0.39331912994384766,-3.9331912994384766,1.0,1.0,1.6658618e-05,1.6658618e-05,3.3317236e-05,0.0,1.7436172e-05
29,2.9,0.03664912283420563,2.881353897570593,0,0,1,0,0,0,0.8175235390663147,-0.3660154938697815,-1.0190272331237793,-10.190272331237793,1.0,1.0,5.2384854e-07,5.2384854e-07,1.0476971e-06,0.0,1.6901113e-05
30,3.0,0.03370131552219391,2.9045399378043446,0,0,1,0,0,0,0.7401888966560364,-0.22511711716651917,-0.7733464241027832,-7.733464241027832,1.0,1.0,9.850934e-09,9.850934e-09,1.9701869e-08,0.0,1.6365646e-05
31,3.1,0.010149180889129639,2.9315874923435508,0,0,1,0,0,0,0.7903223633766174,-0.07319541275501251,0.5013346672058105,5.0133466720581055,1.0,1.0,1.7485111e-07,1.7485111e-07,3.4970222e-07,0.0,1.5829672e-05
32,3.2,0.007456228137016296,2.9502379787754243,0,0,1,0,0,0,0.8922597169876099,-0.07645975798368454,1.0193735361099243,10.193735361099243,1.0,1.0,8.054882e-06,8.054878e-06,1.610976e-05,0.0,1.529811e-05
33,3.3,0.007424011826515198,2.959313888066852,0,0,1,0,0,0,0.9942864179611206,-0.0765504315495491,1.0202670097351074,10.202670097351074,1.0,1.0,8.880561e-05,8.880561e-05,0.00017761122,0.0,1.4768316e-05
34,3.4,0.005246207118034363,2.962016028957641,0,0,1,0,0,0,0.9977790117263794,-0.04084501788020134,0.03492593765258789,0.3492593765258789,1.0,1.0,9.344587e-05,9.344591e-05,0.00018689179,0.0,1.4240248e-05
35,3.5,0.012962237000465393,2.965656650079231,0,0,1,0,0,0,0.9764426350593567,0.3197779953479767,-0.21336376667022705,-2.1336376667022705,1.0,1.0,5.7164354e-05,5.7164354e-05,0.00011432871,0.0,1.3712518e-05
36,3.6,0.03828045725822449,2.9708414334410365,0,0,1,0,0,0,0.9700501561164856,0.3779365122318268,-0.06392478942871094,-0.6392478942871094,1.0,1.0,4.3457443e-05,4.345746e-05,8.691491e-05,0.0,1.3184985e-05
37,3.7,0.03830315172672272,2.9761994674723393,0,0,1,0,0,0,0.9310947060585022,0.38178086280822754,-0.389554500579834,-3.89554500579834,1.0,1.0,1.4475986e-05,1.4475986e-05,2.8951972e-05,0.0,1.2658543e-05
38,3.8,0.038612835109233856,2.990010395020834,0,0,1,0,0,0,0.8296037316322327,0.387020468711853,-1.0149097442626953,-10.149097442626953,1.0,1.0,2.8566404e-07,2.8566404e-07,5.713281e-07,0.0,1.2131655e-05
39,3.9,0.031785234808921814,3.0124188220915147,0,0,1,0,0,0,0.7596529722213745,0.1908138245344162,-0.6995075941085815,-6.995075941085815,1.0,1.0,2.7805234e-09,2.7805234e-09,5.5610467e-09,0.0,1.1604774e-05
40,4.0,0.016312096267938614,3.0310270594486197,0,0,1,0,0,0,0.8602374792098999,0.1624440848827362,1.005845069885254,10.058450698852539,1.0,1.0,8.815881e-07,8.815881e-07,1.7631762e-06,0.0,1.107894e-05
41,4.1,0.016222339123487473,3.03957345106701,0,0,1,0,0,0,0.962451159954071,0.1605364829301834,1.0221368074417114,10.221368074417114,1.0,1.0,2.3929555e-05,2.3929555e-05,4.785911e-05,0.0,1.0554039e-05
42,4.2,0.005905557423830032,3.042830840313038,0,0,1,0,0,0,0.9690393805503845,0.037507541477680206,0.06588220596313477,0.6588220596313477,1.0,1.0,2.7828419e-05,2.7828419e-05,5.5656838e-05,0.0,1.0030234e-05
43,4.3,0.003979746252298355,3.046612420098281,0,0,1,0,0,0,0.9373209476470947,0.051978811621665955,-0.31718432903289795,-3.1718432903289795,1.0,1.0,1.1835522e-05,1.1835522e-05,2.3671044e-05,0.0,9.50691e-06
44,4.4,0.006131991744041443,3.057740257942493,0,0,1,0,0,0,0.8506413698196411,0.18505078554153442,-0.8667957782745361,-8.667957782745361,1.0,1.0,5.093684e-07,5.093684e-07,1.0187368e-06,0.0,8.983509e-06
45,4.5,0.019658090837765485,3.0730624224239045,0,0,1,0,0,0,0.8473742604255676,0.20020505785942078,-0.03267109394073486,-0.32671093940734863,1.0,1.0,4.246176e-07,4.246176e-07,8.492352e-07,0.0,8.460031e-06
46,4.6,0.01480332826031372,3.0839646671089995,0,0,1,0,0,0,0.9318892955780029,0.02377021312713623,0.845150351524353,8.45150351524353,1.0,1.0,9.327469e-06,9.327469e-06,1.8654939e-05,0.0,7.937413e-06
47,4.7,0.013498756248736754,3.0885988388986894,0,0,1,0,0,0,0.9829118251800537,-0.3071349561214447,0.5102252960205078,5.102252960205078,1.0,1.0,3.452163e-05,3.452163e-05,6.904326e-05,0.0,7.415138e-06
48,4.8,0.03955618277541362,3.089752188757477,0,0,1,0,0,0,0.9885515570640564,-0.4029163718223572,0.056397318840026855,0.5639731884002686,1.0,1.0,3.852292e-05,3.852292e-05,7.704584e-05,0.0,6.8934264e-06
49,4.9,0.030455738306045532,3.091249883068819,0,0,1,0,0,0,0.9913889765739441,-0.07062948495149612,0.028374195098876953,0.28374195098876953,1.0,1.0,4.0922056e-05,4.0922056e-05,8.184411e-05,0.0,6.3719913e-06
50,5.0,0.017623480409383774,3.0928301139812637,0,0,1,0,0,0,0.9897812604904175,0.21939826011657715,-0.016077160835266113,-0.16077160835266113,1.0,1.0,3.9110328e-05,3.9110328e-05,7.8220655e-05,0.0,5.8507267e-06
51,5.1,0.021329302340745926,3.093954218712023,0,0,1,0,0,0,0.9926922917366028,0.20520170032978058,0.029110312461853027,0.2911031246185303,1.0,1.0,4.1771473e-05,4.1771473e-05,8.3542946e-05,0.0,5.3299864e-06
52,5.2,0.021135015413165092,3.098501360592082,0,0,1,0,0,0,0.9205045104026794,0.21298788487911224,-0.7218778133392334,-7.218778133392334,1.0,1.0,6.019083e-06,6.019083e-06,1.2038166e-05,0.0,4.8094703e-06
53,5.3,0.02139162179082632,3.113201224112593,0,0,1,0,0,0,0.8183134198188782,0.21304327249526978,-1.0219109058380127,-10.219109058380127,1.0,1.0,8.9903885e-08,8.9903885e-08,1.7980777e-07,0.0,4.2888933e-06
54,5.4,0.021394281648099422,3.1378777526057027,0,0,1,0,0,0,0.7163656949996948,0.2133708894252777,-1.0194772481918335,-10.194772481918335,1.0,1.0,2.9608493e-11,2.9608493e-11,5.9216985e-11,0.0,3.7676612e-06
55,5.5,0.021427005529403687,3.172560472402388,0,0,1,0,0,0,0.6149885654449463,0.2134699821472168,-1.0137712955474854,-10.137712955474854,1.0,1.0,6.6513276e-20,6.6513276e-20,1.3302655e-19,0.0,3.2463915e-06
56,5.6,0.020971085876226425,3.217231019723395,0,0,1,0,0,0,0.5158678293228149,0.18580496311187744,-0.9912073612213135,-9.912073612213135,1.0,1.0,0.0,0.0,0.0,0.0,2.7249268e-06
57,5.7,0.002671845257282257,3.2676670622526753,0,0,1,0,0,0,0.5146065354347229,-0.026820972561836243,-0.01261293888092041,-0.1261293888092041,1.0,1.0,0.0,0.0,0.0,0.0,2.2036968e-06
58,5.8,0.0017310753464698792,3.3111209950678067,0,0,1,0,0,0,0.5995920896530151,0.10767102241516113,0.8498555421829224,8.498555421829224,1.0,1.0,3.5512935e-22,3.5512935e-22,7.102587e-22,0.0,1.6831093e-06
59,5.9,0.00933818519115448,3.350927467971079,0,0,1,0,0,0,0.6052549481391907,0.09516513347625732,0.05662858486175537,0.5662858486175537,1.0,1.0,4.8110965e-21,4.8110965e-21,9.622193e-21,0.0,1.1629832e-06
60,6.0,0.009520545601844788,3.3906870511743934,0,0,1,0,0,0,0.6053498387336731,0.09474877268075943,0.0009489059448242188,0.009489059448242188,1.0,1.0,7.472264e-21,7.472264e-21,1.4944528e-20,0.0,6.435683e-07
61,6.1,0.009281449019908905,3.4300690813841452,0,0,1,0,0,0,0.635471522808075,0.0660896822810173,0.30121684074401855,3.0121684074401855,1.0,1.0,3.8492248e-17,3.8492248e-17,7.6984495e-17,0.0,1.3203817e-07
62,6.2,0.00693085789680481,3.4622078066116853,0,0,1,0,0,0,0.7369611263275146,0.07034746557474136,1.014896035194397,10.14896035194397,1.0,1.0,1.0474772e-10,1.0474772e-10,2.0949543e-10,0.0,4.0244987e-07
63,6.3,0.007138095796108246,3.484486476889379,0,0,1,0,0,0,0.8393208384513855,0.07077834755182266,1.0235971212387085,10.235971212387085,1.0,1.0,9.2011014e-08,9.2011014e-08,1.8402203e-07,0.0,9.205593e-07
64,6.4,0.007210567593574524,3.4969319631158315,0,0,1,0,0,0,0.9414414167404175,0.07170475274324417,1.0212057828903198,10.212057828903198,1.0,1.0,4.1591798e-06,4.1591798e-06,8.3183595e-06,0.0,1.4400013e-06
65,6.5,0.002959340810775757,3.5009105716246394,0,0,1,0,0,0,0.953653872013092,-0.030964525416493416,0.1221245527267456,1.221245527267456,1.0,1.0,5.7673233e-06,5.7673233e-06,1.1534647e-05,0.0,1.9596891e-06
66,6.6,0.012872591614723206,3.50869512002905,0,0,1,0,0,0,0.9086354374885559,-0.25174573063850403,-0.45018434524536133,-4.501843452453613,1.0,1.0,1.2938387e-06,1.2938387e-06,2.5876775e-06,0.0,2.4794379e-06
67,6.7,0.025974996387958527,3.5198956953604883,0,0,1,0,0,0,0.8402272462844849,-0.2579370141029358,-0.6840819120407104,-6.8408191204071045,1.0,1.0,6.2259076e-08,6.2259076e-08,1.2451815e-07,0.0,2.9991995e-06
68,6.8,0.024365253746509552,3.539251460276863,0,0,1,0,0,0,0.7915756702423096,-0.187196284532547,-0.48651576042175293,-4.865157604217529,1.0,1.0,2.6929916e-09,2.6929916e-09,5.385983e-09,0.0,3.5190044e-06
69,6.9,0.016867905855178833,3.560215772128929,0,0,1,0,0,0,0.7942718863487244,-0.15591304004192352,0.02696216106414795,0.2696216106414795,1.0,1.0,2.6931546e-09,2.6931546e-09,5.386309e-09,0.0,4.038843e-06
70,7.0,0.01357627660036087,3.577033515184195,0,0,1,0,0,0,0.8693305253982544,-0.13531021773815155,0.7505863904953003,7.505863904953003,1.0,1.0,1.6251342e-07,1.6251356e-07,3.2502697e-07,0.0,4.5587417e-06
71,7.1,0.012342317029833794,3.584019871726369,0,0,1,0,0,0,0.9648942351341248,-0.08229123800992966,0.9556370973587036,9.556370973587036,1.0,1.0,4.850467e-06,4.850467e-06,9.700934e-06,0.0,5.0787e-06
72,7.2,0.007683835923671722,3.585686074297775,0,0,1,0,0,0,0.9894925355911255,0.11649458855390549,0.24598300457000732,2.4598300457000732,1.0,1.0,9.461832e-06,9.461832e-06,1.8923663e-05,0.0,5.5987744e-06
73,7.3,0.010027362033724785,3.587515440745811,0,0,1,0,0,0,0.9673156142234802,0.011583488434553146,-0.22176921367645264,-2.2176921367645264,1.0,1.0,5.2067685e-06,5.2067685e-06,1.0413537e-05,0.0,6.118972e-06
74,7.4,0.009326297789812088,3.5948972441796876,0,0,1,0,0,0,0.9017736911773682,-0.24810054898262024,-0.6554192304611206,-6.554192304611206,1.0,1.0,5.776799e-07,5.776799e-07,1.1553598e-06,0.0,6.639246e-06
75,7.5,0.03445141878910363,3.6069459323300057,0,0,0,0,0,0,0.8754842281341553,-0.383792519569397,-0.2628946304321289,-2.628946304321289,1.0,1.0,1.7877247e-07,1.7877247e-07,3.5754493e-07,0.0,7.1596137e-06
76,7.6,0.036683573154732585,3.619078250617786,0,0,0,0,0,0,0.884624183177948,-0.18593183159828186,0.09139955043792725,0.9139955043792725,1.0,1.0,2.6572903e-07,2.6572903e-07,5.3145806e-07,0.0,7.680093e-06
77,7.7,0.007820744067430496,3.627657895001227,0,0,0,0,0,0,0.9403242468833923,0.11033760756254196,0.5570006370544434,5.570006370544434,1.0,1.0,2.0268253e-06,2.0268253e-06,4.0536506e-06,0.0,8.200709e-06
78,7.8,0.024774743244051933,3.631253538667589,0,0,0,0,0,0,0.9821478724479675,0.3628763258457184,0.41823625564575195,4.1823625564575195,1.0,1.0,6.7414494e-06,6.7414494e-06,1.3482899e-05,0.0,8.721451e-06
79,7.9,0.03650888707488775,3.633430526223685,0,0,0,0,0,0,0.9569151401519775,0.3077307641506195,-0.2523273229598999,-2.523273229598999,1.0,1.0,3.2633309e-06,3.2633309e-06,6.5266618e-06,0.0,9.242329e-06
80,8.0,0.017977307550609112,3.640521182313331,0,0,0,0,0,0,0.8991828560829163,0.020824382081627846,-0.5773228406906128,-5.773228406906128,1.0,1.0,4.4373542e-07,4.4373542e-07,8.8747083e-07,0.0,9.7634165e-06
81,8.1,0.013786079362034798,3.6529965017461805,0,0,0,0,0,0,0.8475639820098877,-0.3068690299987793,-0.5161887407302856,-5.1618874073028564,0.9999999403953552,0.9999999403953552,3.90128e-08,3.90128e-08,7.80256e-08,0.0,1.0284693e-05
82,8.2,0.03314789477735758,3.6644280063597536,0,0,0,0,0,0,0.930691659450531,-0.25359705090522766,0.8312767744064331,8.312767744064331,0.9999999403953552,0.9999999403953552,1.273061e-06,1.273061e-06,2.546122e-06,0.0,1.080619e-05
83,8.3,0.007502838037908077,3.6695211914563233,0,0,0,0,0,0,0.9839739203453064,0.06872906535863876,0.5328226089477539,5.328226089477539,1.0,1.0,6.3277193e-06,6.3277193e-06,1.2655439e-05,0.0,1.1327903e-05
84,8.4,0.01621031854301691,3.6710725062406224,0,0,0,0,0,0,0.9857571721076965,0.16636349260807037,0.017832517623901367,0.17832517623901367,1.0,1.0,6.5807944e-06,6.5807944e-06,1.3161589e-05,0.0,1.184982e-05
85,8.5,0.017053840681910515,3.67372488352456,0,0,0,0,0,0,0.9267922639846802,0.17771843075752258,-0.5896490812301636,-5.896490812301636,1.0,1.0,1.0775103e-06,1.0775103e-06,2.1550206e-06,0.0,1.2372015e-05
86,8.6,0.016149154864251614,3.6850341631948744,0,0,0,0,0,0,0.8589153289794922,0.12480992823839188,-0.6787693500518799,-6.787693500518799,0.9999999403953552,0.9999999403953552,6.306265e-08,6.306265e-08,1.261253e-07,0.0,1.28944985e-05
87,8.7,0.0060675255954265594,3.6999584845098203,0,0,0,0,0,0,0.8539106845855713,0.05038883164525032,-0.050046443939208984,-0.5004644393920898,0.9999998807907104,0.9999998807907104,4.5645834e-08,4.5645834e-08,9.129167e-08,0.0,1.3417266e-05
88,8.8,0.00584091991186142,3.7180656695477374,0,0,0,0,0,0,0.7838307023048401,0.06077422574162483,-0.700799822807312,-7.00799822807312,0.9999998211860657,0.9999998211860657,5.197669e-10,5.197669e-10,1.0395338e-09,0.0,1.3940328e-05
89,8.9,0.006211042404174805,3.746119047437629,0,0,0,0,0,0,0.6823810935020447,0.06138858199119568,-1.014496088027954,-10.144960880279541,0.9999997615814209,0.9999997615814209,1.7510368e-15,1.7510368e-15,3.5020736e-15,0.0,1.4463718e-05
90,9.0,0.006238449364900589,3.7841884188461856,0,0,0,0,0,0,0.5803115963935852,0.06134766712784767,-1.0206949710845947,-10.206949710845947,0.9999997019767761,0.9999997019767761,0.0,0.0,0.0,0.0,1.4987437e-05
91,9.1,0.006256047636270523,3.8306989650133705,0,0,0,0,0,0,0.5461253523826599,0.06307460367679596,-0.34186244010925293,-3.4186244010925293,0.9999997019767761,0.9999997019767761,0.0,0.0,0.0,0.0,1.5511498e-05
92,9.2,0.009007912129163742,3.873029897355665,0,0,0,0,0,0,0.5980708599090576,-0.31213414669036865,0.519455075263977,5.1945507526397705,0.9999996423721313,0.9999996423721313,0.0,0.0,0.0,0.0,1.6035918e-05
93,9.3,0.04408772476017475,3.911605689223455,0,0,0,0,0,0,0.6223313808441162,-0.4794498682022095,0.24260520935058594,2.4260520935058594,0.9999996423721313,0.9999996423721313,0.0,0.0,0.0,0.0,1.6560713e-05
94,9.4,0.04718327336013317,3.9489489050912026,0,0,0,0,0,0,0.6325611472129822,-0.45616719126701355,0.10229766368865967,1.0229766368865967,0.9999996423721313,0.9999996423721313,4.523158e-22,4.523158e-22,9.046316e-22,0.0,1.7085898e-05
95,9.5,0.047057051211595535,3.984172250070542,0,0,0,0,0,0,0.6900168657302856,-0.48160409927368164,0.5745571851730347,5.745571851730347,0.9999995827674866,0.9999995827674866,3.2840278e-15,3.2840278e-15,6.5680557e-15,0.0,1.956832e-05
96,9.6,0.04830215871334076,4.010758222628998,0,0,0,0,0,0,0.7915681004524231,-0.4841650426387787,1.0155123472213745,10.155123472213745,0.9999995827674866,0.9999995827674866,5.275624e-10,5.275624e-10,1.0551248e-09,0.0,2.2671886e-05
97,9.7,0.0479048490524292,4.027959269685237,0,0,0,0,0,0,0.8919569849967957,-0.4756578207015991,1.0038888454437256,10.038888454437256,0.9999995827674866,0.9999995827674866,1.6025093e-07,1.6025093e-07,3.2050187e-07,0.0,2.3329949e-05
98,9.8,0.02850434184074402,4.039356169160077,0,0,0,0,0,0,0.9256251454353333,-0.08522963523864746,0.336681604385376,3.3668160438537598,0.9999996423721313,0.9999996423721313,5.966174e-07,5.966174e-07,1.1932348e-06,0.0,2.398857e-05
99,9.9,0.013742059469223022,4.046921066948458,0,0,0,0,0,0,0.9576444029808044,0.2578219473361969,0.3201925754547119,3.201925754547119,0.9999997615814209,0.9999997615814209,1.4572322e-06,1.4572322e-06,2.9144644e-06,0.0,2.4647785e-05
100,10.0,0.026804238557815552,4.052832841448887,0,0,0,0,0,0,0.9394063353538513,0.30895647406578064,-0.18238067626953125,-1.8238067626953125,0.9999999403953552,0.9999999403953552,6.9832726e-07,6.983269e-07,1.3966542e-06,0.0,2.5307587e-05
101,10.1,0.0417049378156662,4.060380725268479,0,0,0,0,0,0,0.942692220211029,0.43299636244773865,0.032858848571777344,0.32858848571777344,0.9999998807907104,0.9999998807907104,6.387384e-07,6.387384e-07,1.2774768e-06,0.0,2.5968022e-05
102,10.2,0.0422220379114151,4.066752290485755,0,0,0,0,0,0,0.9495058059692383,0.4160064160823822,0.06813585758209229,0.6813585758209229,0.9999998211860657,0.9999998211860657,6.938514e-07,6.938514e-07,1.3877028e-06,0.0,2.6629114e-05
103,10.3,0.04115446284413338,4.07336423606752,0,0,0,0,0,0,0.9091126322746277,0.4184783101081848,-0.40393173694610596,-4.03931736946106,0.9999998211860657,0.9999998211860657,1.4134751e-07,1.4134751e-07,2.8269503e-07,0.0,2.7290866e-05
104,10.4,0.03178101405501366,4.087706170672796,0,0,0,0,0,0,0.8399619460105896,0.17385679483413696,-0.6915068626403809,-6.915068626403809,0.9999997019767761,0.9999997019767761,4.137711e-09,4.137711e-09,8.275422e-09,0.0,2.7953305e-05
105,10.5,0.0013346094638109207,4.107144030929825,0,0,0,0,0,0,0.7888292670249939,-0.17807897925376892,-0.511326789855957,-5.11326789855957,0.9999995827674866,0.9999995827674866,1.0081545e-10,1.0081545e-10,2.016309e-10,0.0,2.8616469e-05
106,10.6,0.01480620913207531,4.122281260014283,0,0,0,0,0,0,0.889474630355835,-0.14823243021965027,1.0064536333084106,10.064536333084106,0.9999995231628418,0.9999995231628418,4.9697473e-08,4.9697473e-08,9.9394946e-08,0.0,2.9280367e-05
107,10.7,0.0045280419290065765,4.129032870424184,0,0,0,0,0,0,0.9539523720741272,0.13362149894237518,0.6447774171829224,6.447774171829224,0.9999995231628418,0.9999995231628418,6.229322e-07,6.229322e-07,1.2458644e-06,0.0,2.994502e-05
108,10.8,0.029172368347644806,4.131176412629984,0,0,0,0,0,0,0.9924899339675903,0.38873225450515747,0.38537561893463135,3.8537561893463135,0.9999997019767761,0.9999997019767761,2.067746e-06,2.067746e-06,4.135492e-06,0.0,3.061044e-05
109,10.9,0.034316131845116615,4.13193225524948,0,0,0,0,0,0,0.9971043467521667,0.060339152812957764,0.04614412784576416,0.4614412784576416,0.9999998807907104,0.9999998807907104,2.4176156e-06,2.4176156e-06,4.8352313e-06,0.0,3.127668e-05
110,11.0,0.015334946103394032,4.133194873242426,0,0,0,0,0,0,0.9805118441581726,-0.284091979265213,-0.1659250259399414,-1.659250259399414,1.0,1.0,1.459863e-06,1.459863e-06,2.919726e-06,0.0,3.1943764e-05
111,11.1,0.02794754598289728,4.134894165558783,0,0,0,0,0,0,0.985403835773468,-0.2757689356803894,0.0489199161529541,0.489199161529541,1.0,1.0,1.6498958e-06,1.6498958e-06,3.2997916e-06,0.0,3.2611708e-05
112,11.2,0.0011287592351436615,4.137250045244307,0,0,0,0,0,0,0.9692045450210571,0.09934024512767792,-0.1619929075241089,-1.6199290752410889,0.9999999403953552,0.9999999403953552,9.999183e-07,9.999183e-07,1.9998365e-06,0.0,3.3280503e-05
113,11.3,0.009923498146235943,4.140295182075205,0,0,0,0,0,0,0.9725607633590698,0.09308941662311554,0.03356218338012695,0.33562183380126953,0.9999998807907104,0.9999998807907104,1.1021639e-06,1.1021639e-06,2.2043278e-06,0.0,3.395019e-05
114,11.4,0.008955380327279272,4.1429956215875325,0,0,0,0,0,0,0.9750173687934875,0.0857950747013092,0.024566054344177246,0.24566054344177246,0.9999998807907104,0.9999998807907104,1.1881754e-06,1.1881754e-06,2.3763507e-06,0.0,3.4620803e-05
115,11.5,0.00867392736745387,4.147438575197424,0,0,0,0,0,0,0.9064784049987793,0.09842435270547867,-0.6853896379470825,-6.853896379470825,0.9999997615814209,0.9999997615814209,9.7376834e-08,9.7376834e-08,1.9475367e-07,0.0,3.529237e-05
116,11.6,0.009742273017764091,4.157432837555947,0,0,0,0,0,0,0.8987563252449036,0.09671436995267868,-0.07722079753875732,-0.7722079753875732,0.9999996423721313,0.9999996423721313,6.8471905e-08,6.8471905e-08,1.3694381e-07,0.0,3.5964924e-05
117,11.7,0.010433414950966835,4.167717451530681,0,0,0,0,0,0,0.8966293931007385,0.1119319349527359,-0.02126932144165039,-0.2126932144165039,0.9999995231628418,0.9999995231628418,6.156251e-08,6.156251e-08,1.2312502e-07,0.0,3.663848e-05
118,11.8,0.009267199784517288,4.17866201534929,0,0,0,0,0,0,0.8848897218704224,0.09022613614797592,-0.11739671230316162,-1.1739671230316162,0.999999463558197,0.999999463558197,3.510524e-08,3.510524e-08,7.021048e-08,0.0,3.7313068e-05
119,11.9,0.008443448692560196,4.190230137473462,0,0,0,0,0,0,0.8862183094024658,0.08494769781827927,0.01328587532043457,0.1328587532043457,0.9999994039535522,0.9999994039535522,3.6798035e-08,3.6798035e-08,7.359607e-08,0.0,4.3415686e-05
120,12.0,0.008587516844272614,4.201714979810667,0,0,0,0,0,0,0.8868815898895264,0.08791014552116394,0.006632804870605469,0.06632804870605469,0.9999993443489075,0.9999993443489075,3.711007e-08,3.711007e-08,7.422014e-08,0.0,5.155397e-05
121,12.1,0.008676011115312576,4.214319915362784,0,0,0,0,0,0,0.8499533534049988,0.09161922335624695,-0.3692823648452759,-3.692823648452759,0.9999992847442627,0.9999992847442627,5.428417e-09,5.428417e-09,1.0856834e-08,0.0,6.294936e-05
122,12.2,0.008969254791736603,4.235900676297637,0,0,0,0,0,0,0.7474225759506226,0.09241568297147751,-1.0253077745437622,-10.253077745437622,0.9999992847442627,0.9999992847442627,1.5109289e-12,1.5109289e-12,3.0218577e-12,0.0,6.403584e-05
123,12.3,0.008837491273880005,4.26748124807201,0,0,0,0,0,0,0.6451774835586548,0.09198825806379318,-1.0224509239196777,-10.224509239196777,0.9999992251396179,0.9999992251396179,1.3860463e-20,1.3860463e-20,2.7720926e-20,0.0,0.00016281061
124,12.4,0.008919641375541687,4.2971009447608,0,0,0,0,0,0,0.7460042238235474,0.09314803779125214,1.0082674026489258,10.082674026489258,0.9999992251396179,0.9999992251396179,1.1561536e-12,1.1561536e-12,2.3123072e-12,0.0,0.0001655366
125,12.5,0.008445821702480316,4.316914751632895,0,0,0,0,0,0,0.8445611000061035,0.06655076891183853,0.9855687618255615,9.855687618255615,0.9999991655349731,0.9999991655349731,3.1703251e-09,3.1703251e-09,6.3406502e-09,0.0,0.00016826774
126,12.6,0.006870552897453308,4.331037218215947,0,0,0,0,0,0,0.8624265193939209,-0.1056160181760788,0.17865419387817383,1.7865419387817383,0.9999991655349731,0.9999991655349731,7.406522e-09,7.406522e-09,1.4813044e-08,0.0,0.00017100418
127,12.7,0.010590635240077972,4.344137980471515,0,0,0,0,0,0,0.8912863731384277,-0.0567658431828022,0.28859853744506836,2.8859853744506836,0.9999991655349731,0.9999991655349731,2.7812051e-08,2.7812051e-08,5.5624103e-08,0.0,0.00017374619
128,12.8,0.017222866415977478,4.353355321252167,0,0,0,0,0,0,0.9099817872047424,0.5011236667633057,0.18695414066314697,1.8695414066314697,0.9999991655349731,0.9999991655349731,6.4329726e-08,6.4329726e-08,1.2865945e-07,0.0,0.00017649394
129,12.9,0.05666954070329666,4.361003194892743,0,0,0,0,0,0,0.9380301237106323,0.5829527974128723,0.2804833650588989,2.8048336505889893,0.9999991655349731,0.9999991655349731,1.6846846e-07,1.6846846e-07,3.3693692e-07,0.0,0.00017924771
130,13.0,0.05738717317581177,4.369024716433554,0,0,0,0,0,0,0.8984200954437256,0.5880506634712219,-0.3961002826690674,-3.961002826690674,0.9999992847442627,0.9999992847442627,6.146104e-08,6.1461094e-08,1.2292213e-07,0.0,0.00018200773
131,13.1,0.058516666293144226,4.385709410621611,0,0,0,0,0,0,0.8231505751609802,0.504494309425354,-0.7526952028274536,-7.526952028274536,0.9999992251396179,0.9999992251396179,3.7026213e-09,3.7026213e-09,7.4052426e-09,0.0,0.00018477443
132,13.2,0.03615039587020874,4.409877897339335,0,0,0,0,0,0,0.7598363757133484,0.19719842076301575,-0.6331419944763184,-6.331419944763184,0.9999991655349731,0.9999991655349731,1.2471432e-10,1.2471432e-10,2.4942864e-10,0.0,0.00018754812
133,13.3,0.002385169267654419,4.437944010617909,0,0,0,0,0,0,0.7770617604255676,-0.12079939246177673,0.17225384712219238,1.7225384712219238,0.9999991059303284,0.9999991059303284,4.8113774e-10,4.8113774e-10,9.622755e-10,0.0,0.00019032929
134,13.4,0.023715168237686157,4.466852821678887,0,0,0,0,0,0,0.736575186252594,-0.2902143597602844,-0.40486574172973633,-4.048657417297363,0.9999991059303284,0.9999991059303284,9.831227e-12,9.831227e-12,1.9662454e-11,0.0,0.0001931185
135,13.5,0.03000640869140625,4.496390182365738,0,0,0,0,0,0,0.7332646250724792,-0.2967549264431,-0.03310561180114746,-0.3310561180114746,0.9999990463256836,0.9999990463256836,1.852441e-12,1.8524425e-12,3.7048836e-12,0.0,0.00019591654
136,13.6,0.03339923918247223,4.51262768832989,0,0,0,0,0,0,0.7973908185958862,-0.4343453645706177,0.6412619352340698,6.412619352340698,0.0,0.0,0.007492876,0.0074928817,0.014985758,0.0,0.00019844314
137,13.7,0.061139777302742004,4.433223359011754,0,0,0,0,0,0,0.8217628002166748,-0.6875089406967163,0.24371981620788574,2.4371981620788574,0.0018521001329645514,0.0018521001329645514,0.009999918,0.0099999225,0.01999984,0.0,0.00019862365
138,13.8,0.0676066130399704,4.351457940124891,0,0,0,0,0,0,0.8977053761482239,-0.674660861492157,0.7594257593154907,7.594257593154907,0.003470465075224638,0.003470465075224638,0.0130737545,0.013073772,0.026147526,0.0,0.00019910006
139,13.9,0.0818694680929184,4.266843515240653,0,0,0,0,0,0,0.8680366277694702,-0.9545621871948242,-0.2966874837875366,-2.966874837875366,0.005052363034337759,0.005052363034337759,0.015356687,0.015356687,0.030713374,0.0,0.0001995189
140,14.0,0.10798283666372299,4.181024651319602,0,0,0,0,0,0,0.8343192934989929,-1.1917948722839355,-0.33717334270477295,-3.3717334270477295,0.006537094712257385,0.006537094712257385,0.01461441,0.01461441,0.02922882,0.0,5.007771e-05
141,14.1,0.12341693788766861,4.0977615369221105,0,0,0,0,0,0,0.8535999655723572,-1.1851109266281128,0.19280672073364258,1.9280672073364258,0.007559429854154587,0.007559429854154587,0.015393065,0.015393065,0.03078613,0.0,5.013922e-05
142,14.2,0.12251552939414978,4.015321935951358,0,0,0,0,0,0,0.8244569301605225,-1.2102231979370117,-0.29143035411834717,-2.9143035411834717,0.009094550274312496,0.009094550274312496,0.012923652,0.012923652,0.025847305,0.0,5.0047445e-05
